CustomerID,CustomerName,Region,Age,Gender,CustomerSince,Email
1,Robin Ward,North,51,Male,2022-07-26,pcohen@gmail.com
2,Joseph Chapman,East,21,Female,2023-04-21,kevin04@yahoo.com
3,Dr. Alicia Henderson DVM,North,19,Male,2024-03-22,rmejia@gmail.com
4,Laura King,Central,20,Male,2024-08-03,kclark@brown.com
5,Brian Wheeler,South,18,Female,2023-02-07,michaelochoa@gmail.com
6,Kelly Brown,Central,59,Male,2020-02-14,douglas04@hotmail.com
7,Brad Harrison,South,24,Female,2024-07-29,epatrick@price-rose.com
8,Rebecca Harrington,West,58,Female,2022-05-24,smithgeorge@hotmail.com
9,Kelly Gonzalez,Central,53,Female,2024-02-24,brittanycalderon@hotmail.com
10,Donald Perry,South,25,Male,2021-06-06,robert22@gmail.com
11,Carly Branch,South,55,Female,2023-04-17,kenneth55@costa.info
12,Roy Fowler,Central,49,Female,2020-02-25,matthewpadilla@castillo.net
13,Chelsey Hunter,East,32,Female,2020-11-04,justinrose@gmail.com
14,Ryan King,East,57,Female,2024-02-20,ryanlucero@thompson.com
15,Frank Fritz,West,34,Female,2020-06-26,christopher12@wilkins.com
16,Jonathan Adams,North,55,Female,2021-08-31,nunezcourtney@robertson.com
17,John Lopez,West,61,Male,2022-09-18,sandersrobin@miller-galvan.biz
18,Mr. Jeffrey Griffin PhD,West,25,Male,2024-03-13,ccarson@cole.info
19,Brenda Williams,East,39,Male,2021-03-02,susannelson@charles.net
20,Kimberly Acosta,North,48,Male,2020-01-15,brownkristin@buchanan.info
21,Terri Wilkins,West,64,Female,2020-10-26,mark18@yahoo.com
22,Bridget Castaneda,West,60,Female,2021-12-30,toddbernard@rice-wells.com
23,James Harvey,West,67,Male,2021-06-25,janetwatkins@figueroa.com
24,James Weaver,Central,65,Female,2023-01-28,leeautumn@morgan.org
25,Ashley Collins,Central,41,Female,2020-02-02,mark93@gmail.com
26,Edwin Aguilar,South,28,Female,2020-10-27,sanchezkenneth@yahoo.com
27,Rodney Armstrong,East,66,Female,2020-07-29,sandrarocha@gmail.com
28,Joseph Powell,East,57,Male,2024-06-08,allencandace@martin-mooney.biz
29,Dylan Campbell,North,67,Female,2022-11-23,mendezjessica@chan-barton.biz
30,Michael Martinez,East,45,Female,2021-07-25,morenojustin@black.com
31,Anthony Perez,South,19,Male,2024-05-29,taylorcharles@turner.info
32,Gary Davis MD,East,39,Male,2023-11-15,george01@bell.org
33,Jared Hudson,North,39,Female,2020-03-01,alan46@franklin-burns.com
34,Emily Bryan,East,37,Male,2022-05-03,melendezlaura@yahoo.com
35,John Hubbard,South,63,Female,2023-10-14,kimjulie@wright-donovan.com
36,Christopher Thomas,East,49,Female,2021-04-02,deborahacosta@jackson-peterson.com
37,Megan Fox,South,62,Male,2024-05-26,ebonyguerrero@yahoo.com
38,Stephen Martin,West,30,Female,2021-11-20,maryrobinson@yahoo.com
39,Matthew Hernandez,Central,41,Female,2020-12-23,simmonsbradley@yahoo.com
40,Yvonne Simon,South,39,Female,2021-05-25,randallmorgan@crawford.info
41,Roberto Perkins,West,40,Female,2024-10-18,velezvincent@harris.com
42,Jamie Howard,South,67,Female,2020-05-04,clarkcurtis@bradley-powell.com
43,Carlos Reeves,West,41,Male,2022-10-18,reedmichelle@gmail.com
44,Sandra Goodwin,West,28,Female,2021-01-22,anita90@stephenson.com
45,William Morris,North,51,Female,2021-11-16,taylorjose@yahoo.com
46,Mary Snyder,West,23,Female,2023-03-05,qbennett@gmail.com
47,Brian Smith,South,55,Male,2023-04-19,turnerjessica@rodriguez.com
48,Justin Owen,North,40,Female,2020-06-13,timothybrown@gonzalez.org
49,Sharon Alexander,West,38,Female,2022-06-04,adrianrodriguez@gmail.com
50,Matthew Merritt,North,53,Male,2020-12-27,gary11@gmail.com
51,Randall Medina,South,66,Male,2023-11-02,jilljohnson@gonzalez.com
52,Michelle Williams,West,45,Female,2022-11-03,patriciajohnson@lee-rangel.com
53,Taylor Wilson,South,58,Female,2024-11-03,jamesdaniel@jackson.com
54,Jamie Sherman,Central,64,Male,2022-08-23,francisjonathan@jones.info
55,Barbara Payne,North,55,Female,2022-12-21,christopher11@jones.info
56,Susan Sanders,South,63,Male,2024-08-05,timothy71@yahoo.com
57,Lisa Davis,East,62,Female,2023-12-19,zweaver@aguirre.com
58,Melanie Patrick,North,66,Female,2021-01-06,wanda18@hotmail.com
59,Rodney Rodriguez,Central,50,Male,2023-02-12,ronaldklein@collins-craig.com
60,Christopher Obrien,East,46,Male,2023-05-28,joshua76@montgomery.com
61,Connor Huang,West,22,Male,2022-05-10,esanchez@davis.net
62,Jeffrey Johnson,West,58,Female,2021-06-02,jeffrey96@hotmail.com
63,Mindy Gay,East,30,Male,2022-09-10,cody16@mueller-williams.com
64,Edward Hill,West,49,Male,2021-03-20,lisa09@gmail.com
65,Nicole Weeks,Central,46,Male,2021-01-29,mandywilson@gmail.com
66,Juan Lopez,Central,56,Male,2023-11-16,chandlerrichard@stokes.info
67,Michael Gallagher,Central,54,Female,2021-02-04,umoody@yahoo.com
68,Alex Walker,West,54,Male,2022-12-23,jean69@hotmail.com
69,Lance Simpson,North,47,Female,2020-12-30,spencersheri@gmail.com
70,Christopher Marshall,Central,57,Male,2021-12-10,matthewperez@hicks.org
71,Karen Acevedo,West,25,Female,2023-11-16,jacksontimothy@hotmail.com
72,Kimberly Walsh,East,23,Male,2022-03-03,brookedavis@sanchez.biz
73,Troy Hicks,North,20,Male,2024-07-13,brandihodges@walker.org
74,Gregory Miller,East,57,Male,2024-09-11,kylesanders@price.com
75,Kelsey Reed,North,44,Female,2024-10-04,jamespeters@gmail.com
76,Monica Ross,North,67,Male,2022-01-24,josephbriggs@hill.com
77,Melissa Flores,Central,69,Female,2023-11-04,shorton@walker.com
78,Kimberly Walton,Central,28,Female,2020-03-05,munozmatthew@hotmail.com
79,Karen Myers,Central,63,Male,2024-09-24,vrogers@gmail.com
80,Sophia Drake,North,59,Male,2023-05-24,nguyeneric@flores.com
81,Christopher Carter,North,25,Male,2022-03-11,vickie80@yahoo.com
82,Steven Stephens,Central,68,Female,2022-01-29,fryedeborah@miranda.biz
83,Juan Harper,North,41,Male,2021-03-08,davisfrank@chandler.org
84,Christian Lee,South,29,Male,2021-12-26,srobinson@hotmail.com
85,Thomas Young,East,29,Male,2021-01-22,prattjames@kirby.com
86,Ruben Simmons,East,50,Female,2022-12-02,esmith@beck.com
87,Marcus Lucas,West,65,Male,2021-05-19,andrea55@yahoo.com
88,Jodi Velazquez,North,47,Male,2024-05-01,bperry@valenzuela.info
89,Timothy Fernandez,West,57,Male,2022-07-18,leah57@gmail.com
90,Karen Luna,West,35,Male,2024-07-10,hherrera@hotmail.com
91,Matthew Hamilton,Central,24,Male,2020-01-30,villegastammy@banks.com
92,Pamela Gordon,North,51,Male,2020-05-03,donna90@hotmail.com
93,Dean Rogers,South,51,Female,2022-08-12,beckersarah@hotmail.com
94,Michael Tran,West,52,Female,2021-05-08,marshallstephen@yahoo.com
95,David Hill,West,68,Female,2020-12-16,smithcaroline@richards.com
96,Seth Santiago,West,28,Female,2023-11-18,rileyerica@davis.info
97,Jennifer Campbell,West,55,Male,2022-09-03,joshua89@gmail.com
98,Jason Brown,Central,46,Male,2023-12-12,jessicagrant@gmail.com
99,Richard Roman,East,54,Male,2020-05-29,lauren01@johnson-jacobs.biz
100,Melanie Hill,North,26,Male,2022-12-05,fwilliams@barber.com
101,Kayla Copeland,West,57,Female,2023-06-21,hstephenson@hotmail.com
102,Traci Williams,East,62,Male,2021-05-11,gary28@davidson.com
103,Christopher Simon,South,59,Male,2022-09-05,jamessherri@johnson.com
104,Amy Roach,South,32,Male,2023-11-03,dgarcia@smith-larson.com
105,Carolyn Harris,North,48,Male,2023-05-24,zball@smith.com
106,Madison Evans,South,51,Female,2021-01-27,connorsherman@gmail.com
107,Raymond Griffin,East,67,Male,2021-10-15,yrodriguez@gmail.com
108,Sharon Underwood,East,62,Female,2024-05-17,nicholasball@flowers.com
109,Jessica Brown,West,42,Male,2021-10-16,colleenkrueger@santiago.com
110,Janice Salazar,West,44,Male,2020-01-20,flindsey@dominguez.com
111,Susan Fields,Central,45,Female,2022-12-08,joseph00@allen.com
112,Diana Jones,West,22,Female,2024-09-23,christopherlopez@pruitt.com
113,Christina Boyd,Central,27,Male,2021-04-27,mullinsjessica@gmail.com
114,Daniel Perez,East,45,Female,2020-09-20,wilcoxpeter@yahoo.com
115,Tamara Jones,East,46,Female,2022-10-04,walkercynthia@king.com
116,Samantha Hood,East,66,Female,2023-08-16,jody03@bell.info
117,Tamara Pennington,South,63,Male,2023-03-18,kevin50@johnson-guzman.com
118,Donald Brown,East,49,Male,2020-10-28,bsmith@ayala.com
119,Adam Valencia,North,42,Male,2023-12-14,christopherthompson@hotmail.com
120,Mr. Gerald Carter,West,39,Male,2021-09-20,tlewis@gmail.com
121,Michelle Johnson,East,18,Male,2022-06-10,shawnwatts@hotmail.com
122,Jacob Proctor,East,36,Female,2022-06-03,brandon66@hotmail.com
123,Jacqueline Cooper,East,65,Male,2020-02-15,robert29@rojas-obrien.com
124,Jennifer Dunlap,Central,32,Female,2022-05-04,ronald48@gmail.com
125,Anna Tanner,East,22,Male,2022-12-04,danielsutton@hammond-foster.com
126,John Flores,North,44,Male,2020-11-27,ufranco@hotmail.com
127,Joshua Cortez,South,42,Male,2022-01-14,ymorrow@clay.com
128,Natalie Mccarthy,West,50,Male,2020-10-23,charles81@yahoo.com
129,Calvin Garcia,West,37,Female,2021-07-13,karenberger@yahoo.com
130,Christopher Lawrence,East,22,Male,2020-05-29,asantana@drake-hoffman.com
131,David Newton,South,58,Female,2021-02-26,sosalisa@gmail.com
132,Robert Allen,South,20,Male,2021-08-15,kenneth63@gmail.com
133,Calvin Walker,South,28,Male,2021-01-07,bradley37@yahoo.com
134,Brandon Wood,South,29,Female,2024-10-24,david26@gmail.com
135,Rita King,South,56,Male,2023-02-02,meganmccarthy@evans.info
136,Lance Williams,Central,45,Male,2023-12-04,anthony16@weaver-brown.biz
137,Joseph Patel,North,48,Female,2023-09-12,ychen@gmail.com
138,Jonathan Lawrence,South,49,Male,2020-07-09,jmoore@townsend.com
139,Bradley Fernandez,West,62,Female,2020-05-03,janet47@austin-scott.com
140,Lynn Villegas,Central,39,Female,2021-05-11,johnsoncatherine@munoz-bennett.biz
141,Ashley Perry,Central,49,Female,2020-07-18,chahn@sanchez.com
142,Susan Jones,North,60,Female,2020-04-08,ipotts@hotmail.com
143,Michael Hawkins,North,21,Female,2023-01-29,ashleysmith@rowland.com
144,Cody Thomas,North,24,Female,2023-06-07,christopherconley@hotmail.com
145,Daniel Allen,West,38,Female,2021-01-02,debbieharrison@schmidt-johnston.com
146,Tiffany Roth,West,41,Male,2020-12-02,reneemccormick@jordan.org
147,Trevor Wilson,North,57,Male,2022-03-02,dillonsantos@gmail.com
148,Dana Young,South,33,Male,2024-10-26,ryan79@diaz.info
149,Sandra Lane,East,28,Female,2021-12-31,thomastrevor@morris.biz
150,Jennifer Estrada,West,49,Female,2023-08-27,ricky85@gmail.com
151,David Page,South,60,Female,2021-06-08,marshallsamantha@yahoo.com
152,Leah Donaldson,South,24,Male,2020-05-06,joshua14@smith.com
153,Jesse Moore,Central,24,Female,2023-03-30,ravenwilson@williams-hancock.com
154,Dale Martin,North,50,Male,2020-06-18,ccastro@yahoo.com
155,Theresa Johnson,East,50,Female,2020-06-23,ywilliams@santiago-walters.net
156,Victor Osborn,East,53,Female,2023-03-12,awilliams@hotmail.com
157,Edwin Smith,East,42,Male,2022-09-15,rday@gmail.com
158,Roy Bush,West,46,Female,2023-10-30,iparker@hotmail.com
159,Linda Miller,West,54,Female,2022-03-23,tgibbs@baker.com
160,Yvette Henry,East,38,Female,2020-07-05,levinemichael@hotmail.com
161,Alex Martin,West,56,Male,2024-05-26,goodmanbilly@riggs.com
162,Melanie Pollard,West,59,Male,2021-05-04,fholland@barnes.com
163,Chelsea Lopez,West,37,Female,2021-11-03,jonathan30@hotmail.com
164,Kathryn Graves,West,51,Male,2022-04-16,mark38@wilson-jackson.com
165,Nicole Hurley,South,32,Female,2024-03-17,smithabigail@gmail.com
166,Cheryl Collins,North,45,Male,2022-02-15,clarkapril@gmail.com
167,Anna Evans,Central,23,Male,2020-10-10,travishill@gmail.com
168,Christina Huffman,East,51,Male,2024-05-13,zjensen@yahoo.com
169,Susan Li,East,40,Female,2024-08-13,amandaortiz@yahoo.com
170,Sheryl Rose,North,33,Female,2022-11-25,nielsenleon@hotmail.com
171,Donald Smith,South,29,Female,2022-02-28,johnsondavid@boyd.net
172,Victor Jackson,South,52,Female,2023-10-15,gloria78@ellis.com
173,Jennifer Park,South,49,Male,2020-06-20,hberry@gmail.com
174,Mary Ross,West,35,Female,2022-11-07,dylanoconnell@gmail.com
175,Jasmine Hamilton,West,48,Female,2023-05-13,josephtodd@gmail.com
176,Joel Allen,Central,19,Female,2020-02-15,monica09@chapman.org
177,Cassandra Wright,East,45,Male,2020-06-19,broberts@hotmail.com
178,Kimberly Mitchell,South,32,Female,2022-12-15,matthewstimothy@johnson-cain.com
179,Lisa Johnson,North,36,Male,2024-02-16,wrightrobert@scott.com
180,Dr. Mary Larson,Central,42,Male,2024-02-27,matthewwise@hill.com
181,Robert Mason,East,22,Male,2022-03-02,barnesstephanie@gmail.com
182,Stephen Hoffman,South,44,Female,2020-08-03,jodi08@gmail.com
183,Ryan Martinez,West,23,Male,2023-09-18,jcook@gmail.com
184,Jonathan Sanford,East,60,Female,2022-08-06,brian36@gmail.com
185,Angela Gregory,North,40,Male,2020-09-23,howardlori@pearson.com
186,Chase Ross,Central,43,Male,2023-03-29,kristen36@vasquez-sandoval.com
187,Justin Pace,Central,39,Female,2020-11-16,patriciamurphy@lewis.com
188,Matthew Gonzalez,West,67,Male,2024-01-27,colleen26@franklin.biz
189,Carlos Bright,East,54,Male,2021-07-11,april51@yahoo.com
190,Jessica Flores,East,60,Male,2020-07-01,jeffreyjackson@cooper-harris.org
191,Deanna Suarez,East,21,Male,2024-06-23,nicholas58@harris-nicholson.biz
192,Aaron Wright,South,21,Male,2024-04-09,fmitchell@yahoo.com
193,Paul Conner,East,39,Male,2024-01-31,belljennifer@gmail.com
194,Troy Peterson,West,28,Female,2023-11-01,charlesbarnes@hotmail.com
195,Chelsea Pierce,Central,53,Female,2023-09-29,zdiaz@gmail.com
196,Daniel Mcgee,South,56,Female,2023-03-27,sandravaldez@clark.com
197,Mr. Adam Flores,North,58,Male,2021-09-25,calvin79@hotmail.com
198,Jessica Cherry,North,50,Female,2024-08-21,levydylan@dunn.com
199,Bianca Olson,East,45,Female,2020-04-11,lfrench@walter.org
200,Melissa Bonilla,South,54,Male,2022-12-28,jose47@smith-martin.com
201,Caroline Miller,South,23,Male,2024-02-01,greese@yahoo.com
202,Corey Williams,East,45,Male,2023-06-03,moonrobert@bates.info
203,Jordan Harper,North,65,Female,2024-04-01,cindy57@davis.org
204,Angela Watson,North,31,Male,2021-11-24,riossteven@gmail.com
205,James Johnson Jr.,South,45,Male,2020-04-14,cassandra82@perkins.com
206,April Miller,North,42,Male,2020-05-11,matthewjacobs@gmail.com
207,Alexandra Moore,East,52,Male,2020-11-27,shannongomez@anderson.com
208,Louis Mathews,Central,67,Female,2023-10-16,wschmidt@cortez.com
209,Charles Schneider,West,48,Male,2020-08-14,kelly02@gibbs.org
210,Ashley Green,West,68,Female,2020-04-23,manueljohnson@gmail.com
211,Vanessa Foster,North,42,Male,2023-06-14,julie97@gmail.com
212,Lori Herman,East,65,Female,2024-03-21,david58@gmail.com
213,Joseph Sosa,East,38,Female,2020-11-24,ewilson@james-jones.com
214,Larry Chambers,East,66,Female,2020-12-20,ccalderon@levine.biz
215,Noah Brown,West,49,Male,2024-07-14,nicholas03@yahoo.com
216,Kayla Cox,Central,48,Female,2022-05-14,dawnford@davis-gonzalez.com
217,Sarah Erickson,West,39,Female,2023-04-12,goodmanerica@yahoo.com
218,Michael Perez,Central,32,Male,2022-02-13,sroberson@pena-martin.info
219,Mary Tapia,West,36,Female,2020-09-26,qgarcia@yahoo.com
220,Stephanie Smith,South,63,Female,2024-09-28,ngregory@eaton-dean.org
221,Leslie Logan,North,53,Male,2021-09-16,brittany48@estrada-campbell.info
222,Sarah Romero,South,68,Male,2020-04-02,dalton46@tucker.biz
223,Mrs. Chelsea Smith,West,59,Male,2020-01-21,bakerstacey@gmail.com
224,Logan Price,Central,52,Female,2023-10-01,teresa75@hotmail.com
225,David Grimes,Central,66,Female,2021-12-28,madison78@hotmail.com
226,Mrs. Pamela Garrett,South,34,Female,2024-04-17,brockjeffrey@hotmail.com
227,Bridget Newton,East,19,Male,2021-05-18,woodardkimberly@miller.biz
228,Sherry Brown,East,59,Female,2022-06-07,edean@moody.com
229,Joel Peterson,East,63,Female,2020-05-26,molinarussell@yahoo.com
230,Brian Nguyen,West,29,Male,2020-07-30,amber61@gmail.com
231,Justin Martinez,North,53,Male,2024-03-25,ymurphy@stephens.com
232,Benjamin Snyder,East,67,Female,2022-01-15,chughes@hotmail.com
233,Edward Boone,South,56,Male,2020-03-10,richardsphillip@yahoo.com
234,Shannon Johnson,South,34,Female,2020-12-29,stephanie54@hotmail.com
235,Clinton Moore,South,21,Male,2020-10-03,williamscarolyn@clark.com
236,Joe Preston,East,38,Male,2024-09-16,robertthomas@singh-larson.org
237,Scott Collins,North,33,Female,2020-06-29,eric72@ho.com
238,Michael Banks,West,23,Male,2020-06-17,lewisallen@gmail.com
239,Haley Jordan,West,37,Male,2023-09-10,amy92@davis.org
240,Jordan Nelson,South,55,Female,2022-03-13,daniel45@snyder.com
241,Zoe Munoz,South,21,Male,2024-04-15,fmckenzie@yahoo.com
242,Andrew Arnold,West,64,Male,2021-05-18,alexramos@hotmail.com
243,Emily Watson,South,46,Male,2020-01-26,mariahicks@smith.net
244,Keith Smith,North,63,Female,2024-03-01,mrodriguez@sanders.com
245,Linda Johnson,North,66,Female,2024-04-11,savannah71@strong-douglas.org
246,Jesse Cox,West,45,Male,2020-08-01,andersoncarolyn@king.info
247,Lindsay White,East,65,Male,2021-11-21,daniel72@carroll.com
248,Jessica Davis,South,52,Male,2023-08-12,jordanwebb@mcgrath.biz
249,Diana Ramirez,Central,56,Male,2021-06-01,amandaharris@hotmail.com
250,Lawrence Ball,North,23,Male,2023-02-15,rogerlamb@hotmail.com
251,Jessica Hamilton,West,47,Male,2021-10-13,mwade@gmail.com
252,Robert Gonzales,West,36,Female,2024-08-28,nbarton@hotmail.com
253,Tiffany Short,West,48,Female,2023-06-01,larsonvictor@yahoo.com
254,Adam Wright,Central,51,Female,2021-06-01,sarcher@yahoo.com
255,Amber Mann DVM,Central,25,Male,2021-08-05,peterdavis@harris-ramirez.com
256,Lisa Payne,North,22,Male,2022-01-12,bondrichard@garcia.com
257,Luke Lawson,Central,58,Male,2022-06-16,maryshaw@cannon-barnes.com
258,Evan Wagner,West,51,Female,2023-01-23,stewartjoe@yahoo.com
259,Nicholas Nichols,South,67,Female,2023-03-24,calvindawson@hotmail.com
260,Robert Ward,West,39,Male,2021-02-25,ayoung@taylor.info
261,Tammy Gomez,Central,30,Male,2021-01-11,lshea@skinner-martinez.com
262,Andrew Frank,West,36,Male,2022-07-06,efletcher@yahoo.com
263,Erica Sellers,East,25,Male,2022-03-30,rmathews@morrow.net
264,Nathan Cook,South,48,Female,2023-03-25,estradajohn@hotmail.com
265,Brandon Collins,North,21,Male,2021-02-02,edward47@hotmail.com
266,Debra Marshall,East,62,Male,2024-05-23,jarnold@hotmail.com
267,Tina Miller,East,57,Female,2024-08-10,hblack@hotmail.com
268,Joshua Singleton,Central,30,Female,2022-10-29,laura97@matthews.biz
269,Hayley Mcdonald,West,19,Male,2023-04-26,smendoza@hotmail.com
270,Kyle Moore,West,18,Female,2023-08-14,perezwalter@gmail.com
271,Katherine Bowman,North,37,Female,2020-08-21,smiller@yahoo.com
272,Charles Anthony,North,60,Female,2020-06-14,abowen@gmail.com
273,Mr. Ryan Pitts,West,69,Female,2020-03-26,robertbradshaw@ruiz-wilson.com
274,Julie Elliott,North,66,Male,2023-01-18,lisa10@williams-phillips.com
275,Sabrina Gibson,Central,56,Male,2021-09-07,nathan57@hotmail.com
276,Javier Ochoa,East,47,Male,2023-10-09,oshepherd@hotmail.com
277,Yolanda White,South,65,Female,2021-10-06,millsrandy@gmail.com
278,Lindsay Foster,East,43,Female,2022-05-01,zacharyedwards@hotmail.com
279,Joshua Kelley,South,56,Male,2023-08-27,annebrowning@gmail.com
280,George Reynolds,North,67,Male,2022-03-27,smayer@hotmail.com
281,Lisa Mitchell,South,43,Male,2023-04-23,haynessonia@vega.com
282,Timothy Howell,Central,51,Male,2022-05-13,nle@yahoo.com
283,Michael Payne,East,25,Female,2021-05-08,dicksonolivia@bauer.com
284,Ronald Bishop,Central,22,Male,2024-02-25,grobinson@cook.org
285,Olivia Jackson,East,50,Male,2024-07-17,sandra63@gmail.com
286,Rachel Roach,East,33,Male,2022-10-27,john24@mata.com
287,Steven Allen,West,53,Male,2021-10-11,adamscourtney@yahoo.com
288,Amy Bennett,North,23,Female,2022-03-05,lindabean@yahoo.com
289,Don Reyes,East,31,Male,2023-09-23,normanfrancis@hotmail.com
290,Carol Fisher,North,59,Female,2021-11-05,snowlaura@gmail.com
291,Gary Peterson,West,21,Female,2022-08-03,martinshawna@gmail.com
292,Joshua Thompson,Central,56,Male,2022-06-17,tdavis@hotmail.com
293,Amanda Gardner,Central,44,Female,2022-06-13,snowdaniel@yahoo.com
294,Morgan Hamilton,Central,43,Female,2021-03-03,davidmanning@terry.biz
295,Walter Zuniga,South,38,Female,2024-07-05,brooksjames@gmail.com
296,Kelly Williams,North,30,Male,2021-02-16,bjames@hotmail.com
297,Lauren Le,South,27,Female,2022-12-05,lisalawson@price.com
298,Jon Johnson,Central,21,Female,2024-01-24,andrewgillespie@hernandez-thompson.org
299,Brian Cantrell,East,69,Male,2021-01-13,johnsilva@hotmail.com
300,Tina Obrien,West,20,Male,2022-05-31,zsims@lynch.org
301,Andrew Hudson Jr.,North,28,Male,2023-02-04,nicholaspratt@gmail.com
302,Bethany Cervantes,West,33,Female,2024-06-07,diana91@hotmail.com
303,Amy Meyer,West,52,Male,2021-08-20,popealexander@hotmail.com
304,Renee Davis,West,26,Male,2021-07-06,dmorton@yahoo.com
305,Brittany Walker,North,37,Male,2022-04-22,odavis@yahoo.com
306,Philip Meyers,West,56,Male,2021-06-03,bowenbarbara@gmail.com
307,Theresa Edwards,South,20,Male,2021-06-10,lisa62@farmer.com
308,Christopher Schmitt,North,21,Male,2024-06-06,tiffanyschroeder@hotmail.com
309,Carrie Rowe,West,35,Female,2020-04-23,ayalamichael@stark-taylor.net
310,Timothy Higgins,North,58,Female,2020-02-21,dramos@yahoo.com
311,Sarah Ryan,East,36,Female,2024-05-26,todd87@hester-curtis.com
312,Brandon Smith,Central,44,Female,2022-05-17,tcooley@morales-christensen.com
313,Toni Sullivan,Central,18,Female,2020-02-19,nataliewiley@yahoo.com
314,Douglas Kelly,West,23,Male,2024-04-25,lschmidt@yahoo.com
315,Adrian Sims,West,58,Female,2023-04-25,thompsonjill@yahoo.com
316,Joseph Lawrence,South,62,Female,2022-07-01,danielthomas@rios-park.com
317,Diane Baker,East,30,Female,2023-01-23,xjackson@jordan.com
318,Joy Lee,West,67,Male,2024-02-05,etaylor@foster.com
319,Lindsay Hall,West,54,Male,2020-06-17,angelacurtis@hotmail.com
320,Bryan Higgins,Central,23,Female,2023-07-03,tim46@sanchez.info
321,Sarah Douglas,West,45,Male,2020-07-02,brivers@watts.biz
322,Michelle Hart,South,37,Male,2024-09-27,kathy75@cole.com
323,Aaron Thomas,North,40,Female,2022-06-08,qbrown@yates.com
324,Gregory Mills,East,32,Male,2024-01-10,johnsonstephanie@miller.com
325,Manuel Patrick,East,50,Female,2024-07-01,snyderjames@munoz-wallace.com
326,Matthew Walker,East,35,Male,2020-01-04,sdrake@gmail.com
327,Jonathan Wilson,South,58,Male,2022-07-13,johnhernandez@williams.biz
328,Stephanie Norris,West,43,Female,2021-03-21,amandawhite@cunningham-snyder.org
329,Mark Christian,East,59,Female,2020-06-22,toddthompson@walker.org
330,Dana Mccullough,South,29,Male,2020-01-25,johnsonchristian@hawkins-baxter.com
331,Ronald Gill,East,47,Female,2020-09-23,lindacarter@patel.com
332,Joshua Carroll,East,26,Male,2023-11-15,erik37@shaw.com
333,Donna Andrews,Central,37,Male,2021-11-04,bcarson@gmail.com
334,Erin Shepherd,South,64,Male,2023-05-24,millerrobert@nelson.com
335,John Lane,West,39,Male,2022-04-27,ffowler@martinez-hall.com
336,Edwin Barnes,North,63,Female,2022-09-03,mark38@johnson-turner.com
337,Andrew Davies,West,20,Male,2021-04-25,michael59@gmail.com
338,Michelle Campbell,West,49,Male,2024-01-16,sandersbrittany@stuart.biz
339,Michael Chang,West,18,Female,2023-05-03,gomeznancy@yahoo.com
340,Shannon Burke,West,59,Male,2023-01-26,josephtran@cochran.net
341,John Esparza,East,49,Male,2024-04-20,brianbutler@gmail.com
342,Raymond Rodriguez,West,64,Female,2024-04-11,paulmartinez@lucas.biz
343,Tammy Obrien,South,64,Male,2023-04-24,jenna36@gordon.biz
344,Joseph Hernandez,North,27,Female,2023-05-21,richard22@dean.org
345,Sarah Cummings,North,27,Male,2024-05-23,richardcooper@gmail.com
346,Austin Bell,Central,58,Female,2022-04-08,steven64@hotmail.com
347,Daniel Hughes,North,44,Female,2020-10-04,priceashley@hill-cain.biz
348,Robert Clark,East,22,Female,2024-04-19,dstuart@lee.com
349,Gabriel Coleman,East,30,Female,2021-06-06,yatesrobert@yahoo.com
350,Melissa Turner,Central,28,Female,2023-11-27,cherylfrank@hotmail.com
351,David Zamora V,East,64,Female,2022-12-20,cassieharrison@hernandez.net
352,Tony Vargas,East,52,Female,2024-04-07,qmejia@lewis.org
353,Virginia Hart,North,67,Male,2020-09-17,grayandrea@robinson.biz
354,Christopher Ryan,East,52,Female,2020-05-17,donald99@cook.com
355,Thomas Bush,Central,36,Female,2020-02-09,pbarrett@serrano-meza.com
356,Justin Moreno,East,35,Female,2022-10-29,johnnguyen@wyatt-thomas.com
357,Shannon Ramirez,Central,35,Female,2022-05-19,aguilarpamela@hotmail.com
358,David Clay,Central,54,Male,2021-12-16,cruztimothy@mathews.com
359,Erika Rhodes,South,53,Female,2021-02-09,jennifer46@yahoo.com
360,Kara Cobb,South,20,Male,2022-01-11,deanwilson@fields.org
361,Heather Martinez,East,52,Female,2024-02-08,qwhitehead@cox-padilla.net
362,Hector King,Central,68,Female,2021-02-23,gnelson@green.com
363,Dale Black,Central,33,Female,2021-11-08,joshua51@vargas.info
364,Joseph Johnson,South,67,Male,2024-11-04,shahcorey@gmail.com
365,David Shaw,East,38,Female,2024-01-04,suzanne84@yahoo.com
366,Shane Clarke,North,64,Female,2020-10-23,awalker@gmail.com
367,Dwayne Arellano,East,32,Male,2021-01-21,yphillips@yahoo.com
368,Jack Wheeler,Central,58,Male,2024-01-03,fphelps@hotmail.com
369,Amy Gonzalez,Central,35,Male,2022-10-07,theodore83@yahoo.com
370,Christine Knox,East,53,Female,2024-01-15,kathleenweaver@hotmail.com
371,Jennifer Cole,North,49,Male,2020-11-01,janice50@phillips-drake.com
372,Whitney Daniels,Central,50,Female,2024-07-28,bradley77@gmail.com
373,Robert Barrera,Central,27,Female,2021-03-04,frank97@hotmail.com
374,Jennifer Castro,East,46,Female,2022-04-14,masonamanda@yahoo.com
375,Matthew Ibarra,South,23,Female,2024-10-11,mckinneyamber@yahoo.com
376,Kristen Rodriguez,South,31,Female,2023-12-21,matthewgarcia@yahoo.com
377,Dr. Colton Schneider DDS,North,66,Female,2023-02-17,sherri96@gmail.com
378,Katherine Snyder,West,31,Female,2021-08-26,matthew48@gmail.com
379,Mary Johnson,West,44,Female,2021-11-15,matalarry@white-gallagher.net
380,Desiree Ross,East,26,Male,2024-05-14,kevin38@eaton.com
381,Alan Choi,Central,26,Female,2020-06-14,gabriellebaker@romero.com
382,Mrs. Abigail Cardenas,West,32,Female,2024-09-07,shannon70@gmail.com
383,Karen Irwin,West,18,Male,2020-12-28,vliu@yahoo.com
384,Veronica Moreno,West,39,Male,2022-02-19,katherine30@yahoo.com
385,Joshua Ryan,Central,45,Male,2024-05-01,flove@gmail.com
386,Tara Bentley,East,61,Male,2022-04-29,jacobcarter@henry.net
387,Patrick Ramos,South,26,Male,2021-04-30,daltonalvarez@gonzalez.com
388,Todd Garcia,South,29,Male,2023-01-24,jodisavage@yahoo.com
389,Cody Figueroa,Central,52,Male,2023-10-08,idavis@smith-huff.com
390,Kelly Smith,Central,31,Male,2021-09-18,angel59@lee.com
391,Phyllis Bennett,South,61,Female,2021-09-17,carlsonmatthew@gmail.com
392,Kristen Barajas,East,29,Female,2021-03-03,vanessa08@benson.info
393,Kenneth Stone,South,20,Female,2022-04-20,lopezmichael@bentley-harris.com
394,Lori Roberts,East,35,Female,2020-01-09,carrie31@gmail.com
395,Alejandra Walton,North,61,Male,2021-02-28,ramirezandrew@yahoo.com
396,Austin Montes,Central,20,Female,2024-08-08,dhawkins@hotmail.com
397,Robert Evans,East,31,Female,2024-01-29,yarnold@gmail.com
398,Katie Hawkins,West,36,Female,2020-08-09,elittle@yahoo.com
399,Jason Fletcher,West,53,Female,2020-07-01,kevinbrown@hotmail.com
400,Michelle Smith,Central,66,Male,2021-02-04,anthonycontreras@palmer.com
401,Jordan Larson,Central,28,Male,2020-08-12,jmiller@faulkner.com
402,Eric Ford,North,46,Male,2022-05-01,hernandezjulia@gmail.com
403,John Weaver,East,24,Female,2024-03-12,aaron76@wright-ford.net
404,Nancy Schneider,South,45,Female,2022-08-19,markbradley@vaughan-carrillo.com
405,Sheri Nelson,Central,65,Male,2020-10-04,anthonyhall@miranda.biz
406,Tammy Harvey,South,30,Female,2024-02-26,millernathaniel@smith.org
407,James Collins,East,32,Male,2023-01-08,rli@schmidt.com
408,Alan Parks,Central,66,Female,2022-07-09,gallegoschristopher@yahoo.com
409,Brian Higgins,South,48,Male,2022-04-26,erin90@smith-martinez.com
410,Lauren Burton,West,28,Male,2023-09-25,guzmanmary@hotmail.com
411,Shelby Farmer,West,52,Male,2021-04-10,wanderson@yahoo.com
412,Nicholas Estrada,South,30,Female,2020-12-06,lharris@norton.com
413,Donald Green,East,29,Male,2020-10-10,kowen@barnett.com
414,Michael Miles,North,59,Female,2024-04-06,tammygrimes@phillips-barnes.biz
415,Amber Tran,South,55,Female,2023-09-15,adamsmargaret@morales-martin.com
416,Ronald Hawkins,Central,24,Female,2023-05-06,aaronevans@howell.com
417,Jeremy Spencer,West,26,Male,2023-01-08,dianahughes@hotmail.com
418,Michelle Dawson,North,32,Female,2020-09-27,alexandra37@bailey.info
419,Jordan Berry,Central,65,Female,2023-02-13,oramos@cuevas.com
420,James Gonzalez,East,35,Male,2024-06-25,aquinn@yahoo.com
421,Mary Sullivan,Central,31,Male,2023-02-05,arogers@hotmail.com
422,Kerry Harris,North,64,Female,2021-05-18,erica87@johnson-mills.com
423,Cheyenne Ferguson,West,50,Male,2022-09-13,nicholsondana@long.com
424,Thomas Sanchez,South,27,Male,2022-10-02,rthompson@gmail.com
425,James Garcia,West,62,Female,2024-02-29,shawn47@gmail.com
426,Kevin Garcia,South,53,Male,2023-10-31,hancockallen@gordon.org
427,Tina Chapman,North,69,Male,2020-08-27,dwilliams@yahoo.com
428,Jose Mcdaniel,West,37,Male,2023-02-22,cartertodd@parker.com
429,David Martinez,South,39,Male,2021-07-05,zlittle@acosta-ponce.com
430,Emily Frazier,North,51,Male,2023-10-18,tylerflores@hotmail.com
431,William Salazar,West,20,Female,2022-06-19,gespinoza@gmail.com
432,Christian Martin,East,28,Female,2023-01-11,mwilliams@moyer-hawkins.com
433,Angela Morgan,South,61,Female,2024-08-16,bethsmith@smith-bates.net
434,Juan Griffin,South,36,Female,2022-09-15,anthony84@murphy-calderon.com
435,Judy Garcia DDS,West,62,Female,2020-03-24,marthavazquez@yahoo.com
436,Lauren Castillo,East,59,Female,2021-11-11,hillrobert@lewis.biz
437,John Brown,South,49,Female,2022-01-21,hancockjillian@oliver.com
438,Amy Sanchez,West,43,Female,2023-02-14,michellemoreno@yahoo.com
439,Lisa Salazar,West,67,Male,2020-02-03,karen50@yahoo.com
440,Michael Fisher,West,47,Female,2021-02-12,jonathanpreston@drake.com
441,Jon Harris,South,29,Female,2021-12-21,rebecca15@hotmail.com
442,Jessica Garcia,West,37,Female,2024-10-03,cheryl34@blackwell-ramirez.com
443,Edward Lopez,South,23,Female,2023-03-11,james19@lopez.biz
444,Lisa Stevens,North,33,Female,2020-02-09,mary39@gmail.com
445,Dr. Kathryn Jacobs,West,62,Male,2021-04-07,calvin72@gmail.com
446,Christopher Pugh,West,24,Female,2021-02-02,geoffreybaker@mcintosh-ray.biz
447,Melissa Tucker,North,19,Female,2022-03-15,brownwendy@gmail.com
448,Dalton Randall,North,63,Male,2023-09-29,tim17@hotmail.com
449,Mackenzie Bowman,West,68,Female,2023-01-06,erica65@yahoo.com
450,Megan Trevino,West,19,Female,2022-07-26,barrettbruce@banks-castillo.com
451,Ronald West,Central,46,Male,2020-07-26,mary26@russell-sanchez.org
452,Jennifer Morgan,East,69,Male,2022-05-28,faustin@hotmail.com
453,Michael Hays,Central,64,Female,2021-01-16,sergiojordan@gmail.com
454,Jennifer Alvarez,Central,67,Male,2023-11-07,louis64@yahoo.com
455,Melvin Glover,Central,31,Male,2023-11-20,wguerrero@khan-davidson.com
456,Valerie Mays,West,50,Male,2020-04-06,lauren83@yahoo.com
457,Trevor Snyder,Central,26,Male,2020-06-25,gilbert38@hotmail.com
458,Dr. Justin Hale,West,35,Female,2020-10-09,anthonybranch@reeves.com
459,Martin King,North,56,Male,2022-05-02,jamescarpenter@hotmail.com
460,Jason Owen,North,56,Male,2021-12-24,hughescharles@gmail.com
461,John Howard,North,40,Female,2024-09-24,parkeramber@yahoo.com
462,Nicole Alvarez,North,52,Male,2022-11-13,estephenson@glover-little.com
463,Jonathan Washington,East,43,Male,2022-06-15,michealhorne@gmail.com
464,Benjamin Gates,Central,39,Female,2022-10-12,terickson@frank-avila.com
465,Jeffrey Strickland,West,69,Female,2023-12-07,kevinstewart@yahoo.com
466,Christine Mcbride,South,30,Male,2022-02-04,kathy05@gmail.com
467,David Williams PhD,South,55,Female,2021-04-16,conniegalvan@hotmail.com
468,David Robinson,East,24,Male,2023-07-13,pphillips@hotmail.com
469,Kelly Lopez,Central,21,Male,2020-03-12,kathleen39@yahoo.com
470,Robert Allen,Central,48,Female,2023-08-20,iperry@yahoo.com
471,Shane Bradley,East,23,Female,2022-10-22,isaiahmolina@gmail.com
472,Timothy Turner,East,49,Female,2021-11-11,stevenblake@hotmail.com
473,Julie Griffith,South,59,Female,2020-03-26,mark69@hotmail.com
474,Erin Mccarty,Central,56,Female,2024-02-01,amber19@welch-fox.com
475,Sara Johnson,South,38,Male,2020-02-02,clarkedavid@yahoo.com
476,Cody Kelley,East,59,Male,2021-11-03,ryanjohnson@davidson.biz
477,Ryan Mckay,South,29,Male,2022-10-02,lisa18@yahoo.com
478,Thomas Martinez,East,64,Male,2024-04-17,perrywhite@little.com
479,Edward Poole,Central,46,Female,2023-01-13,mcdonaldlisa@gmail.com
480,Robert Wilson,South,22,Male,2020-10-02,chambersstephanie@hotmail.com
481,Benjamin Porter,Central,20,Male,2022-04-04,nicole33@miller.com
482,Craig Kennedy,West,64,Male,2021-01-25,yallen@gmail.com
483,Amanda Phillips,North,54,Female,2020-05-12,jack30@page.net
484,Joel Richardson,East,52,Female,2021-07-16,troypearson@hotmail.com
485,Christina Stewart,Central,51,Female,2024-03-07,karahernandez@sandoval.net
486,Sandra Lewis,North,22,Male,2022-10-04,jeffrey22@hotmail.com
487,Amber Gentry,South,47,Male,2022-07-26,willieschroeder@gmail.com
488,Katrina Smith,North,55,Male,2022-08-19,wilsonjason@moses-hicks.org
489,Amber Lopez,East,33,Female,2023-06-22,brianjones@yahoo.com
490,Brittany Hubbard,East,64,Male,2024-09-27,kyle51@yahoo.com
491,Christopher Reyes,North,33,Female,2022-08-12,jamesbauer@yahoo.com
492,William Hess,West,21,Male,2021-06-21,tbeasley@rubio.com
493,Destiny Martin,North,24,Female,2024-02-16,lukesmith@sexton-robles.biz
494,Rachel Leon,North,68,Female,2023-04-04,wwilliams@cherry-stephens.biz
495,Taylor Hernandez,East,19,Male,2022-06-01,jsingh@yahoo.com
496,Jack Phillips,East,68,Male,2023-10-16,mjackson@lester-wolf.biz
497,Sarah Perez,West,33,Female,2023-03-03,franklinmichael@andrews.com
498,Shelby Marshall,South,61,Male,2024-02-23,stevensryan@kelly.net
499,Shannon Carter,Central,22,Female,2023-02-22,friddle@pace-glover.com
500,Lisa Wiggins,South,39,Female,2023-09-27,michelle15@yahoo.com
501,Kristen Sullivan,East,49,Female,2023-04-21,mariocollier@howard.com
502,Larry Brown,North,24,Female,2021-01-30,robertescobar@gmail.com
503,Tina Chambers,West,67,Male,2022-09-10,marie64@gmail.com
504,Debra Lee,Central,35,Male,2022-11-08,smithkaren@fisher.com
505,Ronald Anderson,Central,45,Female,2023-08-06,johnsonivan@love-mitchell.org
506,Allison Glenn,Central,42,Female,2021-04-26,judylyons@wilson.com
507,Mrs. Victoria Roberts,South,61,Female,2023-08-25,cgibson@price.com
508,George Kidd,South,58,Female,2020-07-25,chrisjackson@higgins.com
509,Kelsey Chapman,East,51,Female,2023-05-15,bradleyanderson@gmail.com
510,Ashley Jordan,Central,24,Female,2020-03-09,cnguyen@gmail.com
511,Karina Gomez,South,19,Male,2024-02-10,wbowman@moyer.biz
512,Alicia Taylor,East,45,Male,2024-08-25,mking@hotmail.com
513,Crystal Williams DDS,North,31,Male,2022-11-01,sdixon@gmail.com
514,Jason Lee,Central,66,Male,2024-03-17,kennedyjames@gmail.com
515,Tiffany Davis,West,19,Female,2021-12-30,fernando53@gmail.com
516,Mr. Carlos Harrell,East,36,Female,2022-06-19,khill@hotmail.com
517,Gina Brown,Central,26,Male,2020-09-02,kristin63@yahoo.com
518,Crystal Moon,East,30,Male,2020-04-10,kimberlyclark@rodriguez-hart.com
519,Aaron Ward,South,64,Male,2023-05-05,sandersdawn@molina.com
520,Amy Duncan,South,47,Female,2024-01-04,smithsara@taylor.com
521,Richard Burns,West,32,Male,2024-08-28,williamhunt@jackson.org
522,Gina Hood,East,36,Male,2021-02-13,mbarnes@orozco-stout.biz
523,Lauren Gardner,West,66,Male,2021-11-23,ryanortiz@cooley.com
524,Tracey Tyler,Central,42,Female,2024-04-07,jeffrey20@taylor.org
525,Jacob Robertson Jr.,Central,61,Male,2024-09-28,dianaelliott@hotmail.com
526,Carl Williams,North,38,Female,2023-04-04,esmith@walker.info
527,Michelle Ross,West,35,Male,2021-09-09,lovekatherine@robbins.com
528,Julie Harris,North,66,Female,2023-10-29,lindamatthews@gmail.com
529,Sean Phillips,Central,57,Female,2023-11-10,brandon02@west.com
530,Alexander Peters,West,62,Male,2023-11-13,joelewis@scott-villa.com
531,Joseph Lutz,North,40,Female,2023-03-30,sharoncrane@powell.info
532,Samuel Delacruz,West,47,Female,2024-10-13,jenniferwilliams@carpenter-bowen.biz
533,Daniel May,Central,43,Female,2023-12-18,james54@ellis.com
534,Brett Solis,West,33,Male,2022-03-06,mwagner@johnson.com
535,Peter Potter,West,32,Female,2024-02-10,seanklein@yahoo.com
536,Joshua Howell,Central,39,Male,2022-10-10,joseph83@yahoo.com
537,Denise Hamilton,South,60,Male,2024-04-17,masonmichelle@murphy.com
538,Sarah Chavez,South,57,Female,2023-05-11,kevingraham@richardson.com
539,Ashley Hensley,North,21,Female,2024-10-06,diana97@yahoo.com
540,Zachary Carlson,Central,68,Female,2020-05-16,fmann@gmail.com
541,Ashley Ho,East,28,Female,2023-05-02,mary84@gmail.com
542,Joshua Hensley,South,69,Male,2023-08-20,matthewbrown@mitchell-robinson.com
543,Billy Allen,South,54,Female,2021-01-31,hernandezjennifer@mcdonald-dominguez.com
544,Lauren Tran,South,36,Male,2021-07-02,karen66@perez.com
545,Sonia Welch,West,50,Female,2020-01-13,carladelacruz@weber-brown.net
546,Jose Jackson,West,44,Male,2022-03-02,salasapril@gmail.com
547,Sharon Murphy,North,57,Male,2024-02-10,samantha92@ray.com
548,Renee Blevins,South,48,Female,2020-07-04,ybarry@gmail.com
549,Andrew Fernandez,Central,42,Male,2023-09-11,robertochavez@hotmail.com
550,Tammy Hicks,Central,28,Male,2023-09-30,muellerrebecca@peterson.com
551,Cynthia Hall,West,42,Male,2021-08-18,kennethtucker@hotmail.com
552,Seth Boyd,Central,32,Male,2023-07-03,ryannatalie@serrano.com
553,Sandra Rojas,North,51,Male,2022-06-05,imoore@gmail.com
554,Mary Berry,West,33,Male,2022-05-03,ramirezjudy@hotmail.com
555,Sharon Vincent,West,24,Female,2023-09-07,jonbrown@hotmail.com
556,Ethan Andrews,South,28,Female,2022-01-04,diazjack@fuller.com
557,Max Mayo,South,41,Female,2023-10-08,chaynes@yahoo.com
558,Ryan Gray,North,52,Male,2024-02-16,zacharyhamilton@garrett.com
559,Stephanie Dunn,Central,48,Female,2023-07-26,ysmith@higgins.com
560,Rose Lopez,East,21,Male,2023-09-17,blaireric@gmail.com
561,Jesse West,North,19,Male,2021-06-04,nelsonvictor@brown.net
562,Danielle Brown,South,65,Female,2021-08-22,danieljohnson@parks.com
563,Timothy Robertson,North,52,Male,2023-10-20,boyerjasmine@gmail.com
564,Erik Compton,South,53,Male,2020-12-22,kristingonzalez@gmail.com
565,Kathleen Wise,North,62,Female,2021-08-20,webbjack@brown.org
566,Angel Hicks,Central,20,Male,2024-07-27,pittmanjesus@gmail.com
567,Alyssa Gilmore,East,53,Female,2023-12-23,alicia35@hotmail.com
568,Wayne Fernandez,Central,31,Male,2021-07-11,freemanlinda@shaw-mccullough.com
569,Denise Ford,West,36,Female,2024-01-26,cjohnson@gmail.com
570,Anthony Martin,Central,20,Male,2023-06-22,torresemily@hotmail.com
571,Cynthia May,South,64,Male,2021-09-29,catherine69@hotmail.com
572,Christopher Rogers,East,53,Female,2023-06-17,oreynolds@butler.com
573,Aaron Johnson,North,33,Male,2021-12-23,hudsonchristina@flores.com
574,Emily Frazier,East,59,Male,2023-10-24,martinezjennifer@yahoo.com
575,Scott Hansen,South,34,Female,2021-03-13,ypatrick@gmail.com
576,Wayne Juarez,Central,36,Male,2020-12-14,jameshicks@gmail.com
577,Brian Marshall,West,69,Female,2022-10-12,qcook@hotmail.com
578,Heather Craig,South,30,Female,2022-07-08,jessica14@alexander.com
579,Erik Morales,East,44,Male,2020-02-15,gchurch@gmail.com
580,Theresa Bass,Central,32,Female,2023-04-19,jacksonanthony@hotmail.com
581,Preston Hall,Central,52,Female,2023-09-30,crystalcasey@gmail.com
582,Holly Brandt,East,51,Male,2021-11-07,hoffmanalbert@yahoo.com
583,Perry Brooks,Central,22,Female,2023-08-30,hamptonfelicia@hotmail.com
584,Lisa Young,East,33,Male,2023-10-08,mullinstraci@ho.com
585,Lisa Mckinney,East,19,Female,2023-05-23,oneillsteven@yahoo.com
586,Lauren King,North,60,Female,2022-07-04,nicole20@werner.com
587,Allison Rodriguez,Central,61,Female,2022-10-07,scoleman@stone.com
588,Raymond Bell Jr.,West,38,Male,2023-05-26,javiergaines@gmail.com
589,John Vasquez,East,59,Male,2022-09-03,anthony68@gmail.com
590,Judy Chung,South,64,Male,2021-11-14,williamsjames@hotmail.com
591,David Crawford,North,52,Male,2021-01-27,asmith@cervantes.com
592,Christopher Banks,North,57,Male,2023-11-07,nenglish@yahoo.com
593,Andrea Morales,East,66,Female,2023-11-18,amber41@yahoo.com
594,Rachel Jones,Central,51,Male,2020-01-17,kathyanthony@lopez.org
595,Daniel Davis,South,32,Female,2022-06-01,hhines@walter.net
596,George Rodriguez MD,South,57,Male,2023-12-12,matajessica@fletcher-king.org
597,Pamela Zamora DDS,North,67,Female,2021-03-31,hperez@yahoo.com
598,Alfred Pierce,East,51,Female,2021-06-02,erica55@gmail.com
599,Dr. Glen Ramsey,North,18,Female,2023-04-20,brettrodriguez@dunn.com
600,Mary Webster,Central,36,Male,2023-10-05,idougherty@garza.com
601,Jenna Lane,East,21,Female,2021-11-30,browntimothy@yahoo.com
602,Kenneth Young,East,19,Male,2023-08-31,jonathanstark@willis.com
603,Robert Fuller,Central,26,Female,2024-03-10,michaellowe@salinas.info
604,James Bennett,East,35,Female,2022-09-14,rodney48@olsen.biz
605,Brent Nielsen,South,61,Male,2022-09-18,treed@peterson-mills.com
606,Allen Lee,West,53,Male,2022-05-28,browndonald@gmail.com
607,Benjamin Farrell,East,38,Male,2024-11-02,anne78@gmail.com
608,Sean Jimenez,Central,59,Male,2024-05-19,davidhayes@brown-hester.com
609,Jeffrey Harris,East,62,Male,2024-02-19,anthony47@davis.info
610,Bryan Matthews,Central,67,Female,2020-10-24,steven40@gmail.com
611,Marcus Thomas,Central,38,Female,2021-05-09,gravesmelissa@cruz.com
612,Adam Burns,East,69,Male,2021-04-25,quinnrobert@moore-fields.biz
613,Benjamin Brown,South,27,Female,2023-09-09,zachary77@hotmail.com
614,Kenneth Mays,South,37,Male,2023-01-19,muelleralexandra@castro.net
615,Christopher Poole,East,63,Female,2024-01-21,robertjacobs@gmail.com
616,James Snyder,East,67,Female,2020-06-01,anthonythomas@duncan.com
617,Kathleen Scott,South,50,Female,2020-06-03,jorgestrickland@gray.com
618,Joseph Clark,West,35,Female,2021-12-10,timothydean@gmail.com
619,Samantha Kennedy,South,35,Male,2024-09-16,yrobinson@yahoo.com
620,Mark Watkins,West,28,Male,2023-09-24,kyle86@scott.com
621,Maria Gutierrez,North,37,Female,2022-02-23,claytonrachel@yahoo.com
622,Luke Kane,South,53,Female,2022-12-17,galvantiffany@frazier-gardner.net
623,Timothy Williams,North,44,Female,2021-08-12,tammyjennings@hotmail.com
624,Richard Martinez,North,29,Female,2024-07-18,mistychung@williams.biz
625,Michael Whitehead,North,22,Male,2024-01-22,cory76@dyer.org
626,Benjamin Perez,North,25,Female,2023-05-18,craigfigueroa@gmail.com
627,Kimberly Roberson,West,44,Male,2020-05-30,hortonmark@hotmail.com
628,Peter Chandler,West,44,Female,2021-04-29,robersonandrew@yahoo.com
629,Kathryn Torres,North,41,Female,2023-04-02,sherrimartin@williams.biz
630,Mark Schneider,West,39,Female,2024-06-16,hchen@logan.org
631,Brian Merritt,North,27,Female,2023-10-10,kimberly83@yahoo.com
632,Samantha Bartlett,North,18,Male,2022-09-04,jorgeward@barnett.com
633,Austin Burns,West,36,Female,2024-04-18,jsanchez@lopez.org
634,Chris Winters,South,26,Male,2021-12-28,wgriffin@campbell.info
635,Alexis Henderson,Central,29,Male,2023-04-03,mathewscynthia@hunt.com
636,Brenda Cox,South,69,Female,2023-12-20,ksimpson@yahoo.com
637,Diana Silva,North,22,Female,2020-10-03,jenniferoconnell@fowler.com
638,Donna Foster,East,62,Female,2020-12-07,boydmelissa@miller.net
639,Yvonne Walker,South,67,Female,2023-04-27,meaganclark@chavez-medina.com
640,Richard Landry,West,29,Female,2020-07-05,brenda34@schaefer.com
641,Lindsay Wong,East,38,Female,2022-09-09,bakercollin@hotmail.com
642,Jason Miller,North,48,Female,2020-07-09,wsolis@gmail.com
643,Chelsea Rogers,South,35,Female,2024-06-04,whitebobby@carrillo.org
644,Kaitlyn Douglas,North,31,Male,2020-02-28,drichardson@hotmail.com
645,Tammie Moore,Central,56,Female,2021-01-19,mitchelljared@porter-pace.org
646,Donald Smith,East,47,Female,2020-07-21,kevinhines@yahoo.com
647,Sherry Dickerson,West,58,Female,2022-08-31,kvilla@smith-banks.com
648,William Whitaker,South,55,Male,2024-01-30,grahamanthony@yahoo.com
649,Anthony Scott,East,29,Male,2022-03-18,linda31@hotmail.com
650,Peggy Rodriguez,North,48,Female,2022-08-14,johnsonkayla@lindsey.com
651,Jillian Haas,Central,26,Female,2022-11-22,mandrews@meadows-norman.com
652,Chad Ward,Central,67,Female,2020-02-14,elizabethsnow@yahoo.com
653,Clinton Huffman,North,35,Female,2023-05-25,joseph55@yahoo.com
654,Alexander Contreras,Central,21,Male,2024-04-24,david66@yahoo.com
655,Abigail Walsh,East,42,Male,2022-02-11,melissa49@yahoo.com
656,Dana Church,North,63,Female,2020-10-06,zwilkinson@gmail.com
657,Denise Kerr,South,36,Female,2022-08-29,anthonybrock@hotmail.com
658,Anne Nolan,Central,66,Female,2021-11-30,wortiz@benjamin-allen.net
659,Tommy Haas,Central,28,Female,2024-01-24,andrea11@murphy.com
660,David Salinas,North,68,Female,2024-03-24,dustinbaird@case-logan.org
661,Eric Sanchez,East,24,Female,2020-09-28,kevinwilliams@hotmail.com
662,Justin Vasquez,Central,44,Female,2021-08-28,etran@gmail.com
663,Lucas Oneal,East,53,Female,2020-02-17,jacksonchristopher@marshall.com
664,Debra Beck,Central,58,Female,2020-04-17,churchbrandon@yahoo.com
665,Brandon Anderson,North,38,Female,2022-07-16,matthewgiles@hotmail.com
666,Haley Hudson,North,54,Female,2020-08-23,dbrown@mcdaniel.biz
667,Michael Phillips,North,42,Female,2024-08-12,jamescarter@gmail.com
668,John Ramirez,West,46,Female,2022-12-08,anthonymurray@gmail.com
669,Melanie Shaw,South,35,Female,2024-03-25,leslieflores@gmail.com
670,Annette Flores,West,69,Male,2023-09-25,greenpatrick@murillo.net
671,Joseph Reeves,North,69,Male,2024-01-12,zturner@yahoo.com
672,Tara Graves,East,37,Male,2021-05-28,bpeterson@harrison.com
673,Gregory Walters,North,65,Female,2022-09-18,umcguire@hale-martin.com
674,Raymond Oconnor,Central,44,Female,2021-02-10,shannonkim@gmail.com
675,Craig Mcdaniel,South,48,Female,2022-03-21,davidcaldwell@gmail.com
676,Jonathan Torres,Central,54,Female,2024-01-24,stacie42@gmail.com
677,Rachel Jones,Central,55,Female,2021-11-30,bcoffey@gmail.com
678,Jeffrey Campbell,North,63,Male,2021-05-19,kellyvictoria@hotmail.com
679,Pamela Pugh,Central,51,Female,2020-05-02,johnsonwilliam@williams.com
680,Katrina Miller,West,63,Male,2022-12-18,olopez@gmail.com
681,Robert Brown,East,22,Female,2022-05-17,mendozaalex@thomas-pacheco.net
682,Christine Griffin,North,23,Female,2022-12-17,juliejones@yahoo.com
683,Mary Cruz,North,23,Male,2024-02-20,grant38@hines-allen.info
684,Bryan Mendez Jr.,Central,67,Male,2021-12-14,martinezjonathan@hotmail.com
685,Joseph Porter,South,53,Male,2021-10-06,brooke85@hotmail.com
686,Albert Gutierrez,Central,50,Female,2022-05-03,davidlambert@fox.info
687,Anne Ballard,Central,63,Male,2020-07-01,brooksmary@baker.com
688,Katrina Rivera,Central,52,Female,2020-01-14,martinezperry@williams-zamora.net
689,Maria Villanueva,West,23,Male,2024-09-22,wyoung@yahoo.com
690,Heather Clements,South,53,Female,2020-08-09,calderonmorgan@wilson.net
691,Tim Stone,North,67,Female,2022-04-29,berryisaac@wilson.com
692,Dana Romero,East,62,Male,2021-06-18,kristin83@hotmail.com
693,Dylan Bishop,West,19,Female,2021-04-21,xwise@yahoo.com
694,Andrea Rice,Central,47,Female,2022-11-11,rosariolucas@hayes-cline.net
695,Melissa Torres,East,20,Male,2022-08-31,brianroman@gmail.com
696,Anthony Acosta,South,22,Female,2020-11-14,justin93@gmail.com
697,Heather Wood,East,24,Female,2024-04-09,brownemily@yahoo.com
698,Matthew Thomas,North,35,Male,2023-10-11,qhamilton@irwin.com
699,Jennifer Moore,Central,61,Female,2023-08-14,craig28@yahoo.com
700,William Coleman,South,34,Male,2020-03-07,pphillips@sims.com
701,Richard Brown,East,49,Male,2020-05-27,danielmartin@young.com
702,Julie Watson,North,56,Female,2021-04-08,robert86@gmail.com
703,David Beck,South,35,Male,2021-08-08,brittany66@hotmail.com
704,Bruce Rogers,West,19,Female,2020-11-04,mwilkinson@hotmail.com
705,John Brown,Central,50,Female,2022-05-28,crystalgibson@walsh-jones.net
706,Amber Martinez,South,39,Female,2020-03-24,walkermichael@yahoo.com
707,Melissa Morgan,Central,19,Male,2022-08-11,taylortracy@rogers.org
708,John Carter,North,65,Female,2022-04-29,elizabeththompson@butler.info
709,Kevin Joyce,Central,50,Female,2023-05-07,benjamin62@myers.com
710,Clinton Smith,North,40,Female,2022-02-04,qwoods@mcmillan.info
711,Lisa Smith,South,45,Female,2022-07-23,manningcrystal@hotmail.com
712,Mark Williams,South,41,Female,2020-10-02,heatherowen@schmidt.com
713,Daniel Coleman,West,21,Female,2023-03-15,richardmyers@norton-mitchell.com
714,Kayla Jimenez,East,23,Male,2020-05-30,robbinskenneth@gmail.com
715,James Austin,West,22,Male,2022-05-02,vmorris@fox.info
716,Jennifer Hernandez,East,59,Male,2024-04-29,dylansmith@yahoo.com
717,Mary Rodriguez,South,63,Male,2022-11-18,ravenross@cole-johnson.net
718,Mike Mcknight,West,65,Male,2023-04-28,rodriguezkeith@allison.com
719,Natasha Quinn,North,47,Female,2022-11-07,shannonwright@gmail.com
720,Cynthia Lee,East,44,Male,2023-02-08,mhayes@shields.info
721,Mary Parker,East,30,Male,2024-09-18,donald93@yahoo.com
722,Kimberly Martinez,Central,35,Male,2021-10-27,zacharygraham@harrison.com
723,Lindsay Gomez,Central,46,Male,2021-08-15,omar22@hodges.com
724,Janice Wood,Central,31,Male,2022-12-18,zjohnson@hotmail.com
725,Maria Sparks,South,68,Female,2023-04-08,brownraymond@hanson.biz
726,Carly Jackson,South,51,Female,2023-10-23,lewisharry@carroll-pope.net
727,Megan Holmes,North,67,Male,2022-10-14,ryan02@harris-maxwell.biz
728,Jared Wise,West,25,Female,2020-12-23,qhall@yahoo.com
729,Dr. Michelle Wilson,West,21,Male,2022-09-10,prestonboyd@riley-smith.com
730,Deborah Ross,East,55,Male,2020-11-03,kathryn48@yahoo.com
731,Kelly Roberts,East,29,Female,2021-06-26,scottmarisa@gmail.com
732,Mary Thompson,West,67,Female,2024-06-21,mitchellrebecca@pierce.biz
733,Breanna Rodriguez,East,27,Male,2020-05-12,cherylsantos@parker-valdez.com
734,Kevin Ruiz,South,29,Female,2024-04-12,zhorton@wallace-alvarez.info
735,April Ferguson,South,60,Female,2020-05-09,randysmith@yahoo.com
736,Adam Black,West,56,Male,2024-08-26,elizabethharper@yahoo.com
737,Corey Lewis,Central,31,Female,2021-05-24,brittany36@gmail.com
738,Kathy Garcia,Central,49,Female,2022-12-13,alex29@gmail.com
739,Steven Young,North,68,Male,2022-03-01,umoyer@scott.com
740,Jonathan Strong,North,31,Female,2022-02-20,james56@gmail.com
741,Charles Jones,North,48,Male,2024-07-25,derekrobinson@shelton.biz
742,Timothy Hall,North,19,Female,2023-03-13,schwartzkathy@yahoo.com
743,Brenda Meyer,East,58,Female,2023-08-27,hhoffman@singleton.net
744,Angel Stewart,South,27,Male,2021-08-22,jeffery69@hotmail.com
745,Nathaniel Willis,North,51,Male,2021-11-03,wraymond@hotmail.com
746,Miss Katherine White,Central,45,Female,2022-03-27,poolebrian@king.com
747,Joshua Hall,North,67,Male,2022-11-13,huberrandy@yahoo.com
748,Heather Carter,Central,37,Male,2021-05-17,lgonzalez@bell-mccall.biz
749,Larry Pratt,Central,45,Female,2023-05-24,turnerrandall@gmail.com
750,James Hughes,West,60,Female,2020-09-15,hray@hotmail.com
751,Christina Morris,West,49,Male,2022-05-12,williamssamantha@allen-brown.com
752,Nicole Wiggins,Central,45,Female,2022-08-23,susanwilson@gmail.com
753,Douglas Moore,North,21,Female,2024-06-11,vgarza@valencia-donaldson.net
754,Jermaine Potter,North,63,Female,2022-10-01,edwardsingh@smith-martin.info
755,Donna Mendoza,Central,54,Female,2020-10-21,yolanda60@powell.com
756,Monica Adams,West,50,Female,2022-06-17,gabrielle12@hotmail.com
757,Dana Sanders,West,51,Female,2020-12-02,fallen@gmail.com
758,Daniel Long,Central,25,Male,2023-09-17,rodriguezjennifer@whitehead.com
759,Heather Horne,Central,41,Female,2023-01-27,christian24@yahoo.com
760,Michael Jones,East,43,Male,2022-11-26,joseschneider@farmer-carr.net
761,Michelle Becker,East,34,Female,2024-04-14,bryan71@yahoo.com
762,Stephanie Rivera,North,28,Female,2020-06-05,swansonbrandi@patel.biz
763,Mario Thomas,Central,45,Male,2023-10-02,marshallrichard@gmail.com
764,Joshua Thompson,East,62,Female,2024-10-12,johnvega@hotmail.com
765,Rhonda Erickson,Central,53,Male,2023-02-05,thompsonzachary@henry.com
766,Kenneth Cole,South,29,Male,2022-09-28,petergrant@robinson-conley.biz
767,Amy Porter,North,51,Male,2022-09-20,randolphnathan@olsen.com
768,Nathan Garcia,North,26,Male,2022-09-25,chavezandrea@hotmail.com
769,Michael Robinson,North,25,Female,2022-12-21,wheelerrobert@grant.com
770,Laurie Jimenez,West,50,Female,2021-05-15,armstronglori@gmail.com
771,Heather Cannon,Central,50,Female,2021-07-17,marvin52@savage-morris.com
772,Veronica Smith,North,65,Female,2022-03-07,gailfarmer@nelson.com
773,Jose Bailey,Central,57,Male,2021-01-29,kristyjordan@thompson-sanchez.com
774,Johnny Gilmore,South,25,Female,2020-04-24,phillipbanks@merritt.biz
775,Casey Edwards,West,58,Female,2024-07-30,sarah50@ware.com
776,Eric Patterson,East,55,Female,2024-09-24,jeffreymartinez@browning.com
777,Victoria Davis,Central,39,Male,2023-08-30,angelapeterson@gmail.com
778,Patricia Jenkins,Central,56,Male,2022-06-08,levi61@martin.info
779,Michael Smith,East,68,Female,2022-03-20,jaybaxter@hotmail.com
780,Evelyn White,Central,26,Female,2023-12-17,michael45@yahoo.com
781,Jennifer Allen,North,20,Female,2023-01-05,smithgloria@yahoo.com
782,Abigail Anderson,North,18,Female,2023-07-08,peter30@may.com
783,Holly Obrien,West,49,Male,2021-12-06,jacobwade@gmail.com
784,Matthew Henderson,Central,26,Female,2022-08-22,nhebert@hahn.com
785,Joshua Leonard,North,21,Female,2021-02-03,ncannon@yahoo.com
786,Carol Carter,South,65,Male,2020-03-24,tonya68@jordan.net
787,Danielle Flowers,West,46,Male,2021-07-11,thomas29@hotmail.com
788,Amy Fisher,South,62,Female,2020-10-10,uwheeler@campbell-barajas.com
789,Timothy Weeks,Central,36,Female,2021-11-15,melissa21@hotmail.com
790,Jennifer James,West,19,Female,2023-06-07,douglas94@hotmail.com
791,Paul Lambert,South,23,Male,2021-11-21,hoffmanmichael@jackson.org
792,Stephanie Garcia,East,29,Male,2024-05-09,yharrison@yahoo.com
793,Anne Gardner,Central,25,Female,2022-08-19,mitchellryan@ray.biz
794,Alexandra Rogers,North,65,Male,2021-05-19,smithjacob@cole.com
795,Elijah Howard,West,20,Female,2020-08-09,douglasmorris@yahoo.com
796,Jason Jenkins,West,44,Female,2021-04-03,weberwilliam@little.biz
797,Leah King,Central,26,Female,2021-10-22,tina20@campbell.com
798,Joshua Stanton,South,21,Female,2021-11-19,jasonpalmer@nguyen-thomas.info
799,Jerry Henry,South,66,Male,2021-09-13,perezbelinda@gmail.com
800,Brian Manning,South,27,Male,2020-08-03,maddenkeith@waters.org
801,Lisa Morales,Central,42,Male,2024-09-16,trevor50@avila-salazar.com
802,Michele Powell,Central,35,Female,2023-06-12,lewiscarl@ellis-bradford.info
803,David Fuller,Central,62,Male,2023-05-30,halldeborah@yahoo.com
804,David Pugh,East,56,Male,2022-07-26,holmesjessica@yahoo.com
805,Jennifer Lindsey,Central,60,Male,2024-02-22,joshuawatts@hotmail.com
806,Jennifer Arellano,East,55,Female,2020-08-16,melissaclark@gmail.com
807,Ronald Wilson,East,32,Male,2022-12-15,kaylaho@yahoo.com
808,Chad Francis,East,27,Male,2024-06-19,williamsmelissa@gmail.com
809,Lisa Hubbard,East,64,Female,2022-01-25,cwarren@miller.info
810,Joshua Lamb,East,23,Female,2020-10-26,yrussell@brock.com
811,Samantha Miller,Central,37,Female,2021-04-22,ablevins@gmail.com
812,Kendra Burke,East,26,Male,2023-02-22,joshua54@costa.com
813,Elizabeth Johnson,North,67,Female,2024-01-13,elizabethdiaz@gmail.com
814,Mark Blake,East,23,Female,2021-04-28,weavergerald@smith.com
815,Robert Greene,South,18,Male,2022-06-12,anthonycarter@stewart-stevenson.com
816,Anna Nguyen,South,36,Female,2021-04-30,shawnbennett@yahoo.com
817,Jose Rosales,Central,21,Female,2021-05-30,donnawright@williams-woods.info
818,Kathleen Johnson,South,68,Male,2023-12-23,moralesjennifer@lang.org
819,Jesse Bennett,West,62,Female,2024-09-17,christopherwilliams@thompson.com
820,Roberta Jones,Central,38,Male,2023-12-25,mhays@williams.com
821,Ebony Mendez,Central,59,Male,2021-12-28,oliverbrandon@yahoo.com
822,Tracy Rios,West,33,Female,2022-05-26,tdavis@yahoo.com
823,Scott Thomas,East,28,Male,2024-09-27,deniseshort@hotmail.com
824,Douglas Smith,North,36,Male,2022-05-15,jameschase@yahoo.com
825,Francisco Ramos,North,66,Female,2024-02-21,monicahopkins@rice.biz
826,Kathleen Rivas,Central,21,Male,2023-03-12,reidmichael@yahoo.com
827,Daniel Lewis,South,19,Male,2020-08-17,evansjennifer@jackson.com
828,Jessica Baker,South,44,Female,2021-06-05,jcarroll@yahoo.com
829,Jessica Anderson,North,43,Male,2020-04-05,katrinabentley@jones-brooks.com
830,Brian Thompson,West,38,Male,2022-06-22,mary28@spencer.com
831,Lindsey Gilbert,South,67,Male,2022-05-01,lmejia@gmail.com
832,Meghan Hardin,North,32,Female,2024-10-06,rebecca54@hotmail.com
833,Lindsay Miller,North,41,Female,2021-12-09,pdowns@schwartz-carter.com
834,Randy Taylor,North,18,Male,2024-04-29,annebray@yahoo.com
835,Thomas Bennett,North,29,Male,2023-10-20,tammy24@hotmail.com
836,Kristy Mclaughlin,North,45,Female,2021-09-25,prattwilliam@yahoo.com
837,Sarah Costa,Central,46,Male,2021-11-03,kevinlewis@hotmail.com
838,Robert Mason,East,26,Female,2023-08-21,matthew77@yahoo.com
839,Jeffery Simmons,West,53,Female,2024-04-05,collinsterri@oconnell-frank.com
840,Alicia Martinez,North,63,Male,2023-02-15,burnsjames@gmail.com
841,Kayla Russell,North,52,Male,2020-04-20,pstone@hotmail.com
842,Dennis Miller,West,53,Male,2024-01-17,ryan05@gmail.com
843,Deborah Wilson,East,54,Female,2020-08-12,eric59@fleming-cervantes.com
844,Keith Day,East,42,Male,2024-05-25,ismith@nelson.com
845,Meghan Davidson,East,44,Female,2022-08-29,christine29@yahoo.com
846,Paul Johnson,East,20,Male,2024-10-18,elaine86@wright.com
847,David Jones,West,36,Female,2020-11-27,flemingtony@martin.org
848,Barbara Reese,Central,44,Female,2020-06-22,bobbyponce@fritz-ortega.com
849,John Coleman,West,58,Male,2020-02-18,moyerjennifer@yahoo.com
850,Shannon Hurst,Central,22,Female,2022-08-06,zhoward@ball.com
851,Charles Mckee,East,57,Male,2021-02-24,zbarrera@yahoo.com
852,Amber Aguirre,North,40,Female,2020-04-17,wwhitehead@hotmail.com
853,David Stanley,North,52,Female,2022-06-02,zbailey@hotmail.com
854,Jeffrey Schneider,South,30,Female,2022-11-25,gpowell@perkins.biz
855,Cameron Sherman,South,66,Female,2021-08-02,fmcknight@le.net
856,Barbara Riggs,East,36,Male,2024-09-13,lowemaria@yahoo.com
857,Debra Taylor,Central,20,Female,2023-03-10,christine71@woods.com
858,Jacob Nelson,West,32,Female,2022-11-29,leah73@gmail.com
859,Richard Murray,North,48,Female,2023-07-12,vcastro@yahoo.com
860,Michael Evans,West,40,Male,2023-01-18,jasonburns@gmail.com
861,Donald Green,East,26,Male,2023-06-29,ljohnson@hotmail.com
862,Elizabeth Oconnor,East,36,Female,2020-05-02,tgarcia@gmail.com
863,Gregory White,West,37,Male,2022-12-30,nathan71@willis.biz
864,Amanda Lewis,West,38,Female,2020-04-22,floresjeff@mitchell.net
865,Barbara Lindsey,South,54,Female,2022-12-09,brockjill@yahoo.com
866,Mrs. Linda Harrison MD,North,27,Male,2021-11-28,ryan52@hotmail.com
867,Clarence King MD,North,34,Male,2022-10-09,bonnie64@smith-glenn.biz
868,Ms. Martha Wood,Central,47,Male,2023-03-12,mark24@barrera-brown.info
869,Lori Swanson,East,69,Female,2022-03-17,graykatie@gmail.com
870,Misty Mccormick,West,25,Female,2021-05-01,edwardsamber@gmail.com
871,Martin Jones,Central,53,Female,2020-05-24,matthewwright@hotmail.com
872,Elizabeth Hall,Central,34,Female,2021-08-31,ynolan@powell-ramsey.net
873,Vanessa Dunn,West,40,Male,2021-06-05,carolyn58@weber.org
874,Michael Smith,West,20,Female,2020-11-17,ecameron@oconnor-stephenson.com
875,Jamie White,Central,66,Female,2021-01-21,mariashields@gmail.com
876,Ryan Bailey,North,52,Male,2024-07-06,johnsoto@yahoo.com
877,Melissa Smith,West,50,Female,2022-04-10,beverly23@thompson.com
878,Vanessa Chandler,South,60,Male,2020-12-24,djohnston@yahoo.com
879,Charles Fuller,West,48,Male,2022-03-29,karenchurch@hoffman.com
880,Carlos Nichols,Central,66,Female,2020-05-06,michael66@hill.com
881,Susan Palmer,East,42,Male,2021-01-24,churchshari@miller.com
882,Brandi Hoover,East,64,Female,2020-09-01,matthewrichard@hotmail.com
883,Madison Wilson,Central,66,Male,2021-12-07,rmccarthy@hotmail.com
884,Ashley Allen,Central,50,Female,2022-02-04,ccuevas@hotmail.com
885,Briana Barker,East,54,Female,2023-09-16,nberry@joseph.org
886,Todd Dickerson,North,20,Male,2023-12-18,jessicawarner@gmail.com
887,Patrick Ford,East,33,Male,2022-09-30,thomas21@yahoo.com
888,Kelly Diaz,East,40,Male,2021-03-02,bridgetbennett@braun.com
889,Brandon James,North,60,Male,2020-07-14,odonnellelizabeth@yahoo.com
890,Holly Davis,West,53,Male,2021-10-19,nhiggins@gmail.com
891,Kimberly Gillespie,North,19,Female,2023-05-25,shari11@gmail.com
892,Andrea Barnes,South,34,Female,2023-10-13,hooverjustin@hotmail.com
893,Kelli Green,Central,20,Female,2024-10-22,bartonrandall@munoz.info
894,James Moreno,Central,53,Male,2024-08-29,nortonkaylee@yahoo.com
895,Tommy Lambert,West,56,Female,2024-06-18,marc79@gmail.com
896,Barbara Hall,West,60,Male,2022-09-13,robert88@phillips.com
897,John Mcdowell,North,48,Female,2020-12-30,johnsoncheyenne@hotmail.com
898,Lauren Watson,East,50,Female,2021-06-06,christina96@spencer-miller.com
899,David Sosa,North,47,Female,2021-08-16,raymond40@hotmail.com
900,John White,West,51,Female,2020-12-28,manuellynch@hotmail.com
901,Laurie Travis,North,64,Male,2024-09-07,jacqueline97@robertson.com
902,Joseph Chan,West,45,Male,2022-09-04,vavery@yahoo.com
903,Noah Mendoza,North,20,Male,2020-01-23,leemichelle@thomas.biz
904,Hannah Costa,North,55,Female,2022-04-30,justindorsey@miller.net
905,Antonio Brown,North,18,Male,2024-04-23,melanieharrison@gonzalez.com
906,Peter Drake,East,20,Female,2020-12-10,tara25@gmail.com
907,Edgar Lewis,Central,48,Female,2022-01-05,nross@hotmail.com
908,Jennifer Joseph MD,West,32,Female,2022-12-02,josephjackson@gmail.com
909,Gerald Gardner,North,62,Female,2021-03-27,clinton55@gmail.com
910,Spencer Bates,West,53,Female,2023-07-21,torresjames@hotmail.com
911,Catherine Roberson,Central,58,Male,2024-06-01,amandahudson@johnson.com
912,Jeffery Ryan,West,65,Male,2024-08-09,thomasstephanie@hotmail.com
913,Johnny Howe,West,42,Male,2022-03-01,belljo@carpenter.com
914,Sara Jackson,East,35,Female,2022-12-27,dawn61@reed.com
915,Diana Harris,Central,25,Male,2023-02-08,courtney30@vega.com
916,Monica Harris,Central,54,Male,2024-05-07,porterdustin@morrow-edwards.com
917,Nancy Welch,Central,34,Female,2022-03-27,christinacollins@yahoo.com
918,Erin Robinson,South,67,Male,2020-10-04,gilljames@hotmail.com
919,Gabriella Johnson,West,25,Male,2023-03-13,billy49@hubbard-herring.com
920,Steven White,West,60,Male,2024-05-17,tonyabarton@wilson.com
921,Dennis Stone,East,48,Male,2023-08-10,bwoodard@hotmail.com
922,Oscar Garcia,East,26,Female,2023-07-02,diane91@hotmail.com
923,Bethany Anderson,West,50,Male,2022-12-19,jacquelinemcdaniel@perez-jones.com
924,Morgan Hunt,Central,39,Male,2022-12-07,vaughnkelly@davis.com
925,Annette Silva,North,43,Female,2022-10-16,joshua56@hotmail.com
926,Nicole Hernandez,North,23,Female,2023-12-30,richardmoore@shepherd.net
927,Dennis Shannon,South,41,Male,2024-05-30,dcruz@parker.com
928,Roger Garcia,South,63,Female,2024-04-10,brookebell@anderson.biz
929,Mark Johnston,South,61,Male,2022-02-19,michaelsalas@gmail.com
930,Mary Edwards,South,20,Male,2023-09-23,bjohnson@gmail.com
931,Karen Wallace,East,58,Male,2020-09-22,janesweeney@yahoo.com
932,Crystal Prince,Central,31,Male,2020-10-03,smithjoshua@gmail.com
933,Kathleen Mathews,South,52,Male,2021-04-24,bethmorgan@thomas-campbell.org
934,Michael Sanchez,West,56,Female,2020-01-31,matthewserrano@west.org
935,Pamela Snyder,Central,39,Male,2023-03-05,kellybrandy@hotmail.com
936,Meagan Christensen,North,46,Female,2021-01-17,pchaney@gmail.com
937,Brittany Cummings,North,54,Female,2023-01-10,barnesmichael@hotmail.com
938,Tracey Taylor,South,25,Male,2021-08-19,bradleyrichard@yahoo.com
939,Krista Moore,West,60,Female,2024-06-18,ndominguez@hunt.com
940,Brad Johnson,East,69,Male,2023-11-19,robertflores@smith.org
941,Deanna Barrett,South,50,Female,2022-12-08,edward42@gmail.com
942,Heather Jackson,North,44,Male,2020-11-02,jeremy58@martin-taylor.org
943,Reginald Velasquez,North,42,Female,2021-01-07,gmyers@barry-perry.net
944,Sarah Jones,West,24,Female,2022-07-20,amanda16@yahoo.com
945,Elizabeth Daniel,East,63,Male,2024-10-09,edwardsraymond@ramirez.com
946,Gordon Phillips,North,52,Male,2024-04-16,carolynbautista@joyce.com
947,Anthony Mcgee,West,49,Female,2020-06-21,warewesley@hotmail.com
948,Ernest Young,North,59,Female,2020-12-21,franciskevin@yahoo.com
949,Cynthia Green,West,47,Female,2022-11-16,villegasdebbie@smith-bartlett.com
950,Robert Cohen,East,26,Female,2023-10-20,michaeldelacruz@yahoo.com
951,Christine Knight,North,62,Female,2020-03-24,dfernandez@long.com
952,Whitney Campos,South,67,Male,2021-05-24,kimberlyreilly@yahoo.com
953,Karen Anderson,West,44,Male,2021-02-14,sryan@gmail.com
954,Ashley Turner,North,23,Female,2024-06-02,gsmith@ramsey.com
955,Steven Chase,East,55,Female,2022-09-16,austinlee@gmail.com
956,Karen Hamilton,South,55,Male,2022-05-18,katherine74@benton.org
957,Martha Miller,North,59,Male,2022-09-30,christinabradley@webster.com
958,Kimberly Ramos,South,60,Male,2022-08-28,margaretnixon@williamson.biz
959,Michael Strong,East,38,Male,2024-09-20,tanya86@chase.org
960,Isabella Ross,North,63,Female,2020-07-31,edwardsmatthew@dixon.com
961,Justin Howard,West,45,Female,2020-07-15,drew74@reed-pearson.com
962,Barbara Gutierrez,North,18,Female,2023-01-07,prestonkimberly@thomas.info
963,Mrs. Lisa Torres,South,41,Female,2024-06-04,lewisnicholas@salas.com
964,Jorge Bowman,East,62,Male,2023-01-16,leahmccann@rios.com
965,Nicole Ryan,North,66,Male,2022-05-08,austinalvarez@gmail.com
966,Alexa Erickson,North,51,Female,2023-06-21,ashley45@gmail.com
967,Lawrence Graham,Central,53,Female,2021-05-30,yatesbryan@hotmail.com
968,Bruce Cook,South,18,Female,2021-12-30,sgonzalez@rowland.com
969,Sarah Barron,Central,59,Female,2020-01-17,cswanson@gmail.com
970,Alyssa Burke,North,35,Male,2022-03-28,vanderson@yahoo.com
971,Angela Acevedo,South,53,Male,2021-11-19,iwalters@pennington.org
972,Steven Francis,East,35,Female,2023-08-30,sandovalmelissa@yahoo.com
973,Kathy Moore,North,31,Female,2024-03-07,danielnelson@gmail.com
974,Joshua Garcia,South,20,Female,2020-01-23,millerstacy@yahoo.com
975,Pedro Williams,East,69,Female,2021-12-27,kenneth31@simpson-murphy.com
976,Patricia Glover,East,38,Male,2020-11-09,dmoran@richards.com
977,Christian Johnston,South,20,Male,2021-01-28,allisonscott@yahoo.com
978,Rebecca Jackson,East,39,Female,2023-10-25,aprilgarrett@hunter.net
979,Sheila Erickson,South,38,Female,2020-11-02,robertmorris@thomas-cunningham.info
980,Gregory Andrade,North,24,Female,2022-04-22,davisjohn@yahoo.com
981,Eric Orozco,North,22,Female,2020-10-23,shannonlewis@gmail.com
982,George Hutchinson,North,19,Female,2020-04-19,bclark@hotmail.com
983,Sara Liu,South,26,Female,2023-08-28,gcook@howell-morales.com
984,Robert Williams,Central,44,Male,2021-07-09,kelly15@hotmail.com
985,Juan Miller,North,30,Female,2020-04-15,omerritt@hotmail.com
986,Jonathan Miller,Central,38,Male,2022-02-24,fitzgeraldbrittany@lopez.info
987,David Wells,South,69,Male,2022-08-21,philliphawkins@scott.org
988,Matthew Escobar,Central,67,Female,2024-04-07,kristinebush@yahoo.com
989,Allison Harper,East,37,Male,2024-03-13,zbryant@mcclure-matthews.biz
990,George Ballard,North,49,Female,2021-03-15,michael33@hotmail.com
991,John Sellers,West,68,Female,2022-06-29,amber57@yahoo.com
992,Larry Carter,East,22,Male,2020-03-27,rodriguezwilliam@yahoo.com
993,Holly Taylor,West,38,Female,2024-03-24,william04@gmail.com
994,Brandon Willis,Central,41,Male,2022-04-14,bblair@dorsey.org
995,Angela Wood,East,64,Female,2021-10-06,jared10@reynolds-malone.biz
996,Dr. Hannah Pearson,North,52,Male,2020-02-27,qrodriguez@thomas.net
997,Alison Ward,South,41,Male,2021-04-04,nschroeder@bowen.com
998,Erica Harmon,Central,33,Female,2021-05-06,johnsonanthony@hotmail.com
999,Amy Jackson,Central,65,Male,2024-08-08,allison58@davis-murray.com
1000,Tyrone Ferrell,Central,42,Female,2024-02-15,qandrews@hotmail.com
